name,passmark,rank,value,price
128 DDR Radeon 9700 TX w/TV-Out,44,1144,NA,NA
128MB DDR Radeon 9800 Pro,79,1058,NA,NA
128MB RADEON X600 SE,49,1125,NA,NA
256MB RADEON X600,69,1075,NA,NA
7900 MOD - Radeon HD 6520G,610,568,NA,NA
A6 Micro-6500T Quad-Core APU with RadeonR4,252,820,NA,NA
ABIT Siluro T400,3,1348,NA,NA
ALL-IN-WONDER 9000,4,1319,NA,NA
ALL-IN-WONDER RADEON 8500DV,5,1284,NA,NA
All-in-Wonder X1900,127,943,NA,NA
ALL-IN-WONDER X800 GT,84,1041,NA,NA
Barco MXRT 5450,782,422,NA,NA
Chell 1.7b for Intel G33/G31,16,1246,NA,NA
Chell 1.7b for Mobile Intel 945,6,1281,NA,NA
Chell 1.8a for Mobile Intel 965,22,1226,NA,NA
Chipset Intel G41 Express,57,1113,NA,NA
EAH6450,275,800,NA,NA
FireGL T2-128,35,1180,NA,NA
FireGL V3100,52,1121,NA,NA
FireGL V3200,84,1045,NA,NA
FireGL V3300,70,1072,NA,NA
FireGL V3350,66,1084,NA,NA
FireGL V3400,103,989,NA,NA
FireGL V3600,196,870,1.22,$160.99*
FireGL V5100,92,1026,NA,NA
FireGL V5200,113,965,NA,NA
FireGL V5600,352,745,NA,NA
FireGL V7200,108,975,NA,NA
FireGL V7350,117,956,0.08,"$1,523.99*"
FireGL V7600,615,561,NA,NA
FireGL V7700,650,529,3.71,$174.99*
FireGL V8650,550,616,1.67,$329.99*
FireGL X1,59,1104,NA,NA
FireMV 2200 PCIe,36,1175,0.40,$89.99*
FireMV 2250,45,1139,0.42,$105.99*
FireMV 2260,110,971,1.05,$104.99*
FireMV 2400 PCIe,13,1249,NA,NA
FirePro 2260,118,955,NA,NA
FirePro 2270,229,832,2.16,$105.99
FirePro 2450,59,1105,0.21,$278.00*
FirePro 2460,196,871,0.76,$257.99*
FirePro 3D V3700,190,883,2.24,$84.99*
FirePro 3D V3750,348,749,6.84,$50.88*
FirePro 3D V3800,476,672,3.17,$149.99*
FirePro 3D V4800,1085,285,6.78,$159.99*
FirePro 3D V5700,564,600,1.76,$319.99*
FirePro 3D V5800,1342,236,3.63,$369.99*
FirePro 3D V7750,527,639,1.51,$350.00*
FirePro 3D V7800,1932,169,3.22,$599.99*
FirePro 3D V8700,1120,280,5.60,$199.99*
FirePro 3D V8750,1267,251,1.03,"$1,230.99*"
FirePro 3D V8800,2481,136,5.84,$424.99*
FirePro 3D V9800,2811,122,1.12,"$2,499.00*"
FirePro M2000,614,565,NA,NA
FirePro M4000,1420,218,NA,NA
FirePro M4000 Mobility Pro,1526,209,NA,NA
FirePro M40003,1416,219,NA,NA
Firepro M4100,1052,295,NA,NA
FirePro M4150,1112,281,NA,NA
FirePro M4170,1146,275,NA,NA
FirePro M5100,2035,156,NA,NA
FirePro M6000 Mobility Pro,1661,192,NA,NA
FirePro M6100,2806,123,NA,NA
FirePro M7740,643,540,NA,NA
FirePro S7000,4185,73,NA,NA
FirePro V3900,862,378,6.63,$129.99*
FirePro V4900,1296,241,8.94,$144.99*
FirePro V5900,1513,212,4.73,$319.99*
FirePro V7900,2680,125,3.72,$719.99*
FirePro V9800 Adapter,2078,155,NA,NA
FirePro W2100,901,362,7.51,$119.99
FirePro W2100 Adapter,911,357,NA,NA
FirePro W4100,1584,202,9.90,$159.99
FirePro W4100 Adapter,1535,208,NA,NA
FirePro W4170M,1279,249,NA,NA
Firepro W4190M,1175,271,NA,NA
FirePro W4300,2949,114,10.92,$269.99
FirePro W5000,2993,110,6.90,$434.00*
FirePro W5100,2823,120,8.18,$344.99
FirePro W5100 Adapter,2830,119,NA,NA
FirePro W5130M,1753,186,NA,NA
Firepro W5170M,1941,164,NA,NA
FirePro W600,1711,188,3.64,$469.99
FirePro W7000,4115,76,7.22,$569.99*
FirePro W7000 Adapter,4211,70,NA,NA
FirePro W7100,5142,45,7.91,$649.99
FirePro W7170M,4210,71,NA,NA
FirePro W8000,4134,74,3.94,"$1,048.99*"
FirePro W8100,5639,33,5.94,$949.99
FirePro W9000,5178,44,1.50,"$3,443.99*"
FirePro W9100,6750,26,2.25,"$2,999.00"
FireStream 9250,1164,273,NA,NA
FireStream 9270,1341,237,NA,NA
GeForce 205,124,948,NA,NA
GeForce 210,182,887,6.28,$28.99
GeForce 256,5,1289,0.12,$42.04*
GeForce 305M,190,884,NA,NA
GeForce 310,212,852,1.96,$108.35*
GeForce 310M,220,840,NA,NA
GeForce 315,267,807,8.09,$32.99*
GeForce 315M,219,845,NA,NA
GeForce 320M,280,798,NA,NA
GeForce 405,227,834,9.21,$24.64*
GeForce 410M,338,756,NA,NA
GeForce 505,196,869,NA,NA
GeForce 510,302,779,4.31,$69.99*
GeForce 605,314,771,3.20,$97.99*
GeForce 6100,21,1231,NA,NA
GeForce 6100 nForce 400,24,1218,NA,NA
GeForce 6100 nForce 405,22,1228,NA,NA
GeForce 6100 nForce 420,24,1217,NA,NA
GeForce 6100 nForce 430,23,1222,NA,NA
GeForce 610M,396,721,NA,NA
GeForce 615,542,629,NA,NA
GeForce 6150,21,1229,NA,NA
GeForce 6150 LE,21,1232,NA,NA
GeForce 6150SE,23,1224,NA,NA
GeForce 6150SE nForce 430,22,1227,NA,NA
GeForce 6200,43,1149,1.00,$42.99
GeForce 6200 A-LE,31,1194,NA,NA
GeForce 6200 LE,26,1213,0.63,$41.24*
GeForce 6200 TurboCache,38,1171,NA,NA
GeForce 6200SE TurboCache,29,1201,NA,NA
GeForce 6500,36,1176,NA,NA
GeForce 6600,63,1092,NA,NA
GeForce 6600 GT,101,998,1.56,$64.95*
GeForce 6600 LE,49,1128,NA,NA
GeForce 6610 XL,92,1024,NA,NA
GeForce 6700 XL,103,991,NA,NA
GeForce 6800,110,969,2.75,$39.99*
GeForce 6800 GS,138,925,NA,NA
GeForce 6800 GS/XT,101,995,NA,NA
GeForce 6800 GT,139,924,NA,NA
GeForce 6800 LE,97,1012,NA,NA
GeForce 6800 Ultra,138,927,NA,NA
GeForce 6800 XT,105,983,NA,NA
GeForce 7000M,13,1252,NA,NA
GeForce 7000M / nForce 610M,13,1251,NA,NA
GeForce 7025 / nForce 630a,25,1215,NA,NA
GeForce 7050 / nForce 610i,27,1206,NA,NA
GeForce 7050 / nForce 620i,32,1193,NA,NA
GeForce 7050 / nForce 630i,26,1209,NA,NA
GeForce 7050 PV / nForce 630a,21,1230,NA,NA
GeForce 705M,459,683,NA,NA
GeForce 7100 / nForce 630i,30,1198,NA,NA
GeForce 7100 GS,41,1157,NA,NA
GeForce 710A,387,725,NA,NA
GeForce 710M,541,630,NA,NA
GeForce 7150 / nForce 630i,33,1190,NA,NA
GeForce 7150M / nForce 630M,17,1242,NA,NA
GeForce 7300 GS,64,1088,NA,NA
GeForce 7300 GT,108,976,0.72,$149.99*
GeForce 7300 LE,54,1118,1.69,$32.00*
GeForce 7300 SE,42,1154,NA,NA
GeForce 7300 SE/7200 GS,40,1162,NA,NA
GeForce 730A,725,469,NA,NA
GeForce 7350 LE,74,1066,NA,NA
GeForce 7500 LE,69,1074,NA,NA
GeForce 7600 GS,133,938,1.56,$84.99*
GeForce 7600 GT,182,888,2.14,$84.95*
GeForce 7650 GS,134,933,NA,NA
GeForce 7800 GS,182,886,NA,NA
GeForce 7800 GT,193,880,2.41,$80.00*
GeForce 7800 GTX,226,836,NA,NA
GeForce 7900 GS,220,841,NA,NA
GeForce 7900 GT,258,817,NA,NA
GeForce 7900 GT/GTO,244,825,NA,NA
GeForce 7900 GTX,302,780,NA,NA
GeForce 7950 GT,260,813,2.26,$114.95*
GeForce 7950 GX2,194,876,3.53,$54.99*
GeForce 800A,440,694,NA,NA
GeForce 800M,551,613,NA,NA
GeForce 8100 / nForce 720a,85,1040,NA,NA
GeForce 810A,627,552,NA,NA
GeForce 810M,403,718,NA,NA
GeForce 8200,82,1050,NA,NA
GeForce 8200M G,57,1111,NA,NA
GeForce 820A,663,514,NA,NA
GeForce 820M,581,588,NA,NA
GeForce 825M,718,478,NA,NA
GeForce 8300,95,1017,4.19,$22.68*
GeForce 8300 GS,68,1079,NA,NA
GeForce 830A,950,340,NA,NA
GeForce 830M,776,428,NA,NA
GeForce 8400,101,996,1.45,$69.78*
GeForce 8400 GS,115,964,3.83,$29.99
GeForce 8400 SE,68,1080,NA,NA
GeForce 8400M G,59,1103,NA,NA
GeForce 8400M GS,85,1039,5.67,$14.99*
GeForce 8400M GT,101,1000,NA,NA
GeForce 840A,875,374,NA,NA
GeForce 840M,846,386,NA,NA
GeForce 845M,1026,307,NA,NA
GeForce 8500 GT,141,921,NA,NA
GeForce 8600 GS,152,911,NA,NA
GeForce 8600 GT,252,822,NA,NA
GeForce 8600 GTS,300,783,NA,NA
GeForce 8600GS,154,909,6.16,$24.99*
GeForce 8600M GS,128,942,NA,NA
GeForce 8600M GT,176,893,NA,NA
GeForce 8700M GT,221,838,NA,NA
GeForce 8800 GS,552,611,NA,NA
GeForce 8800 GT,760,441,NA,NA
GeForce 8800 GTS,614,563,NA,NA
GeForce 8800 GTS 512,852,383,NA,NA
GeForce 8800 GTX,775,429,NA,NA
GeForce 8800 Ultra,802,409,NA,NA
GeForce 8800M GTS,482,667,NA,NA
GeForce 8800M GTX,551,612,NA,NA
GeForce 9100,84,1043,NA,NA
GeForce 9100M G,79,1059,NA,NA
GeForce 910M,419,704,NA,NA
GeForce 9200,83,1048,NA,NA
GeForce 9200M GE,83,1046,NA,NA
GeForce 9200M GS,90,1031,NA,NA
GeForce 920M,676,501,NA,NA
GeForce 920MX,894,367,NA,NA
GeForce 9300,126,945,NA,NA
GeForce 9300 / nForce 730i,134,934,NA,NA
GeForce 9300 GE,103,990,4.48,$22.99*
GeForce 9300 GS,94,1018,1.57,$59.95*
GeForce 9300GE,97,1010,NA,NA
GeForce 9300M G,84,1042,NA,NA
GeForce 9300M GS,98,1005,NA,NA
GeForce 930A,985,324,NA,NA
GeForce 930M,842,388,NA,NA
GeForce 930MX,902,359,NA,NA
GeForce 9400,149,914,NA,NA
GeForce 9400 GT,195,874,2.44,$79.99*
GeForce 9400M,121,952,NA,NA
GeForce 9400M G,127,944,NA,NA
GeForce 940M,908,358,NA,NA
GeForce 940MX,1028,306,NA,NA
GeForce 945M,1222,260,NA,NA
GeForce 9500 GS,290,789,NA,NA
GeForce 9500 GT,286,791,3.33,$85.99*
GeForce 9500M,107,978,NA,NA
GeForce 9500M G,166,900,NA,NA
GeForce 9500M GS,195,873,NA,NA
GeForce 9600 GS,451,689,NA,NA
GeForce 9600 GSO,523,643,10.46,$49.99*
GeForce 9600 GSO 512,504,658,NA,NA
GeForce 9600 GT,750,448,18.75,$39.99*
GeForce 9600M GS,248,824,NA,NA
GeForce 9600M GT,273,802,NA,NA
GeForce 9600M GT / GeForce GT 220M,293,786,NA,NA
GeForce 9650M GS,285,793,NA,NA
GeForce 9650M GT,263,811,NA,NA
GeForce 9700M GT,338,757,NA,NA
GeForce 9700M GTS,486,666,NA,NA
GeForce 9800 GT,726,467,6.98,$103.99*
GeForce 9800 GTX,769,434,NA,NA
GeForce 9800 GTX+,928,350,NA,NA
GeForce 9800 GTX/9800 GTX+,898,365,9.98,$89.99*
GeForce 9800 GX2,815,402,NA,NA
GeForce 9800 S,645,538,NA,NA
GeForce 9800M GS,549,617,NA,NA
GeForce 9800M GT,472,676,NA,NA
GeForce 9800M GTS,651,526,NA,NA
GeForce 9800M GTX,529,636,1.61,$328.50
GeForce FX 5200,7,1271,0.10,$69.99*
GeForce FX 5200 Ultra,12,1255,NA,NA
GeForce FX 5200LE,7,1265,0.16,$42.99*
GeForce FX 5500,8,1262,0.22,$36.99*
GeForce FX 5600,11,1260,NA,NA
GeForce FX 5600 Ultra,17,1243,NA,NA
GeForce FX 5600XT,8,1263,NA,NA
GeForce FX 5700,42,1155,NA,NA
GeForce FX 5700 Ultra,30,1196,NA,NA
GeForce FX 5700LE,25,1216,NA,NA
GeForce FX 5700VE,37,1173,NA,NA
GeForce FX 5900,34,1183,NA,NA
GeForce FX 5900 Ultra,41,1158,NA,NA
GeForce FX 5900XT,43,1151,NA,NA
GeForce FX 5950 Ultra,59,1106,NA,NA
GeForce FX Go 5200,8,1261,NA,NA
GeForce FX Go 5600,18,1239,NA,NA
GeForce FX Go5300,12,1253,NA,NA
GeForce FX Go5650,16,1245,NA,NA
GeForce FX Go5700,47,1132,NA,NA
GeForce G 103M,107,979,NA,NA
GeForce G 105M,117,957,NA,NA
GeForce G100,101,999,5.05,$19.99*
GeForce G102M,100,1002,NA,NA
GeForce G105M,190,882,NA,NA
GeForce G200,133,939,NA,NA
GeForce G205M,103,988,NA,NA
GeForce G210,179,891,2.84,$63.13*
GeForce G210M,207,858,NA,NA
GeForce Go 6100,18,1241,NA,NA
GeForce Go 6150,18,1240,NA,NA
GeForce Go 6200,13,1250,NA,NA
GeForce Go 6400,24,1220,NA,NA
GeForce Go 6600,68,1081,NA,NA
GeForce Go 6600 TE/6200 TE,44,1148,NA,NA
GeForce Go 6800,108,974,NA,NA
GeForce Go 6800 Ultra,137,928,NA,NA
GeForce Go 7200,44,1145,NA,NA
GeForce Go 7300,49,1126,NA,NA
GeForce Go 7400,63,1093,NA,NA
GeForce Go 7600,128,941,NA,NA
GeForce Go 7600 GT,165,901,NA,NA
GeForce Go 7700,147,918,NA,NA
GeForce Go 7800,116,961,NA,NA
GeForce Go 7800 GTX,208,856,NA,NA
GeForce Go 7900 GS,175,896,NA,NA
GeForce Go 7950 GTX,263,810,NA,NA
GeForce GPU,1072,289,NA,NA
GeForce GT 120,301,781,8.73,$34.49*
GeForce GT 120M,280,797,NA,NA
GeForce GT 130,467,679,16.68,$27.99*
GeForce GT 130M,306,776,NA,NA
GeForce GT 140,766,436,NA,NA
GeForce GT 220,360,741,4.50,$79.99*
GeForce GT 220M,274,801,NA,NA
GeForce GT 230,476,670,10.82,$43.99*
GeForce GT 230M,340,754,NA,NA
GeForce GT 240,652,523,17.16,$37.99*
GeForce GT 240M,359,742,NA,NA
GeForce GT 320,553,609,16.92,$32.69*
GeForce GT 320M,216,848,NA,NA
GeForce GT 325M,305,777,NA,NA
GeForce GT 330,560,604,14.00,$39.99*
GeForce GT 330M,370,736,NA,NA
GeForce GT 335M,502,659,NA,NA
GeForce GT 340,810,406,15.29,$52.99*
GeForce GT 415M,313,773,NA,NA
GeForce GT 420,450,691,11.25,$39.99
GeForce GT 420M,548,619,NA,NA
GeForce GT 425M,614,564,NA,NA
GeForce GT 430,656,517,18.23,$35.99*
GeForce GT 435M,660,516,NA,NA
GeForce GT 440,832,393,11.89,$69.99*
GeForce GT 445M,1052,296,NA,NA
GeForce GT 520,368,738,6.13,$59.99*
GeForce GT 520M,380,727,6.33,$59.99*
GeForce GT 520MX,406,714,NA,NA
GeForce GT 525M,603,575,NA,NA
GeForce GT 530,736,455,15.02,$49.00*
GeForce GT 540M,655,518,NA,NA
GeForce GT 545,1277,250,22.97,$55.59*
GeForce GT 550M,727,466,NA,NA
GeForce GT 555M,902,360,NA,NA
GeForce GT 610,358,743,10.23,$34.99
GeForce GT 620,433,697,10.83,$39.99*
GeForce GT 620M,548,618,NA,NA
GeForce GT 625,437,695,NA,NA
GeForce GT 625M,434,696,NA,NA
GeForce GT 630,793,416,8.01,$98.99
GeForce GT 630M,674,503,NA,NA
GeForce GT 635,933,345,NA,NA
GeForce GT 635M,676,500,NA,NA
GeForce GT 640,1289,244,21.49,$59.99*
GeForce GT 640M,892,368,NA,NA
GeForce GT 640M LE,774,431,0.91,$849.99*
GeForce GT 645,2479,137,NA,NA
GeForce GT 645M,847,385,NA,NA
GeForce GT 650M,1191,268,NA,NA
GeForce GT 705,405,715,NA,NA
GeForce GT 710,648,532,18.52,$34.99
GeForce GT 710M,511,654,NA,NA
GeForce GT 720,732,462,19.79,$36.99
GeForce GT 720A,631,549,NA,NA
GeForce GT 720M,524,641,NA,NA
GeForce GT 730,927,352,18.18,$50.99
GeForce GT 730A,717,479,NA,NA
GeForce GT 730M,800,411,NA,NA
GeForce GT 735M,631,548,NA,NA
GeForce GT 740,1584,201,17.60,$89.99
GeForce GT 740M,762,440,NA,NA
GeForce GT 745A,1146,276,NA,NA
GeForce GT 745M,950,341,NA,NA
GeForce GT 750M,1292,243,NA,NA
GeForce GT 755M,1561,203,NA,NA
GeForce GT625M,523,642,NA,NA
GeForce GTS 160M,665,508,NA,NA
GeForce GTS 240,848,384,13.05,$64.99*
GeForce GTS 250,899,363,7.82,$114.99*
GeForce GTS 250M,558,606,NA,NA
GeForce GTS 350M,559,605,NA,NA
GeForce GTS 360M,756,445,NA,NA
GeForce GTS 450,1550,205,23.85,$64.99*
GeForce GTX 1060,9467,9,35.06,$269.99
GeForce GTX 1070,11647,4,29.12,$399.99
GeForce GTX 1080,12674,2,19.20,$659.99
GeForce GTX 260,1120,279,11.74,$95.38*
GeForce GTX 260M,602,577,NA,NA
GeForce GTX 275,1219,263,10.16,$119.99*
GeForce GTX 280,1196,266,9.97,$119.99*
GeForce GTX 280M,684,493,NA,NA
GeForce GTX 285,1262,252,7.01,$179.99*
GeForce GTX 285M,750,449,NA,NA
GeForce GTX 295,1038,300,6.49,$159.99*
GeForce GTX 460,2639,129,29.33,$89.99*
GeForce GTX 460 SE,2234,147,13.96,$159.99*
GeForce GTX 460 v2,2554,133,12.77,$199.99*
GeForce GTX 460M,1380,227,NA,NA
GeForce GTX 465,2950,113,11.20,$263.28*
GeForce GTX 470,3590,88,6.88,$522.01*
GeForce GTX 470M,1949,162,NA,NA
GeForce GTX 480,4323,64,60.05,$71.99*
GeForce GTX 480M,2018,160,NA,NA
GeForce GTX 485M,2380,139,NA,NA
GeForce GTX 550 Ti,1923,170,6.69,$287.59*
GeForce GTX 555,2177,149,NA,NA
GeForce GTX 560,3112,104,8.80,$353.59
GeForce GTX 560 SE,2238,146,24.87,$89.99*
GeForce GTX 560 Ti,3533,91,23.73,$148.90
GeForce GTX 560M,1555,204,NA,NA
GeForce GTX 570,4395,61,43.95,$99.99*
GeForce GTX 570M,2010,161,NA,NA
GeForce GTX 580,4987,50,17.20,$289.88*
GeForce GTX 580M,2323,140,NA,NA
GeForce GTX 590,4055,78,22.04,$184.00*
GeForce GTX 645,1917,171,NA,NA
GeForce GTX 650,1831,179,12.21,$149.99
GeForce GTX 650 Ti,2668,127,11.12,$239.99
GeForce GTX 650 Ti BOOST,3536,90,NA,NA
GeForce GTX 660,4119,75,16.48,$249.99
GeForce GTX 660 Ti,4707,56,9.03,$521.38
GeForce GTX 660M,1389,226,NA,NA
GeForce GTX 670,5382,40,7.32,$735.59
GeForce GTX 670M,1869,176,NA,NA
GeForce GTX 670MX,2035,157,NA,NA
GeForce GTX 675M,2090,154,NA,NA
GeForce GTX 675MX,2304,141,NA,NA
GeForce GTX 680,5715,32,5.93,$963.59
GeForce GTX 680M,3366,97,6.73,$499.99
GeForce GTX 680MX,4394,62,NA,NA
GeForce GTX 690,5273,41,5.28,$999.00
GeForce GTX 745,2162,152,NA,NA
GeForce GTX 750,3245,99,24.04,$135.00
GeForce GTX 750 Ti,3683,86,35.08,$104.99
GeForce GTX 760,4951,51,19.80,$249.99
GeForce GTX 760 Ti,5092,47,17.12,$297.50*
GeForce GTX 760A,1281,247,NA,NA
GeForce GTX 760M,1379,228,NA,NA
GeForce GTX 765M,1894,174,NA,NA
GeForce GTX 770,6148,28,13.08,$469.99
GeForce GTX 770M,2662,128,NA,NA
GeForce GTX 775M,4193,72,NA,NA
GeForce GTX 780,8018,15,20.38,$393.33
GeForce GTX 780 Ti,8969,10,8.63,"$1,038.85"
GeForce GTX 780M,4083,77,NA,NA
GeForce GTX 850A,376,730,NA,NA
GeForce GTX 850M,1412,223,NA,NA
GeForce GTX 860M,1602,199,NA,NA
GeForce GTX 870M,2171,151,NA,NA
GeForce GTX 880M,3569,89,NA,NA
GeForce GTX 950,5242,43,40.33,$129.99
GeForce GTX 950A,1467,215,NA,NA
GeForce GTX 950M,1438,217,NA,NA
GeForce GTX 960,5917,30,34.81,$169.99
GeForce GTX 960A,1908,173,NA,NA
GeForce GTX 960M,1774,183,NA,NA
GeForce GTX 965M,2938,115,NA,NA
GeForce GTX 970,8657,11,33.30,$259.99
GeForce GTX 970M,3950,80,1.76,"$2,249.99"
GeForce GTX 980,9743,8,26.69,$364.99
GeForce GTX 980 Ti,11539,5,27.47,$419.99
GeForce GTX 980M,5566,35,NA,NA
GeForce GTX Titan,7923,17,3.86,"$2,054.59"
GeForce GTX TITAN Black,8655,12,6.18,"$1,399.99"
GeForce GTX TITAN X,10837,6,7.22,"$1,500.00"
GeForce GTX TITAN Z,7936,16,2.65,"$2,999.99"
GeForce PCX 5300,6,1276,NA,NA
GeForce PCX 5750,34,1182,NA,NA
GeForce2 GTS/GeForce2 Pro,3,1346,NA,NA
GeForce2 Integrated GPU,4,1317,NA,NA
GeForce2 MX,2,1368,NA,NA
GeForce2 MX 100/200,3,1335,NA,NA
GeForce2 MX/MX 400,3,1352,NA,NA
GeForce2 Ti,4,1330,NA,NA
GeForce3,4,1321,NA,NA
GeForce3 Ti 200,4,1316,NA,NA
GeForce3 Ti 500,2,1364,NA,NA
GeForce4 420 Go,3,1334,NA,NA
GeForce4 420 Go 32M,5,1285,NA,NA
GeForce4 4200 Go,4,1310,NA,NA
GeForce4 440 Go,3,1351,NA,NA
GeForce4 440 Go 64M,5,1298,NA,NA
GeForce4 448 Go,5,1286,NA,NA
GeForce4 460 Go --MobileForce M4 Stock--,5,1299,NA,NA
GeForce4 MX 4000,4,1320,NA,NA
GeForce4 MX 420,4,1318,NA,NA
GeForce4 MX 440,4,1327,NA,NA
GeForce4 MX 440 with AGP8X,4,1323,NA,NA
GeForce4 MX 440SE,4,1328,NA,NA
GeForce4 MX 460,5,1288,NA,NA
GeForce4 MX Integrated GPU,6,1280,NA,NA
GeForce4 Ti 4200,5,1287,NA,NA
GeForce4 Ti 4400,7,1267,NA,NA
GeForce4 Ti 4600,5,1296,0.09,$53.99*
GeForce4 Ti 4800 SE,6,1279,NA,NA
GeForce9400M,105,984,NA,NA
GF117,513,651,NA,NA
GIGABYTE RADEON 9600 PRO,43,1150,NA,NA
GRID K1,880,372,0.52,"$1,700.00"
GRID K140Q,727,465,NA,NA
GRID K180Q,776,427,NA,NA
GRID K2,3772,84,1.89,"$1,995.00"
GRID K220Q,912,356,NA,NA
GRID K240Q,1774,182,NA,NA
GRID K280Q,2438,138,NA,NA
GRID K520,4293,66,NA,NA
Intel - Express Chipset G41,68,1076,NA,NA
Intel - Express Chipset Q45/Q43,60,1102,NA,NA
Intel 82845G Controller,2,1360,NA,NA
Intel 82845G/GL Controller,2,1367,NA,NA
Intel 82845G/GL/GE/PE/GV Controller,2,1370,NA,NA
Intel 82865G Controller,4,1325,NA,NA
Intel 82915G Express,5,1301,NA,NA
Intel 82915G/GV/910GL Express,3,1341,NA,NA
Intel 82945G Express,6,1278,NA,NA
Intel 865 Embedded Controller,3,1355,NA,NA
Intel 946GZ Express,7,1266,NA,NA
Intel B43 Express Chipset,63,1094,NA,NA
Intel G33/G31 Express,11,1259,NA,NA
Intel G35 Express,30,1199,NA,NA
Intel G41 Express Chipset,63,1091,NA,NA
Intel G41 Express-Chipsatz,58,1108,NA,NA
Intel G45/G43 Express Chipset,70,1073,NA,NA
Intel G965 Express,17,1244,NA,NA
Intel Haswell HD - GT1,115,963,NA,NA
Intel Haswell HD - GT2,157,906,NA,NA
Intel HD 3000,312,774,0.33,$945.00*
Intel HD 4000,451,690,0.28,"$1,592.95*"
Intel HD 4400,548,620,NA,NA
Intel HD 4600,704,488,NA,NA
Intel HD 5000,590,583,NA,NA
Intel HD 510,599,579,NA,NA
Intel HD 515,579,590,NA,NA
Intel HD 520,763,439,NA,NA
Intel HD 5200,777,426,NA,NA
Intel HD 530,978,330,NA,NA
Intel HD 5300,393,722,NA,NA
Intel HD 5500,558,608,NA,NA
Intel HD 5600,640,543,NA,NA
Intel HD 6000,804,408,NA,NA
Intel HD Family,413,707,NA,NA
Intel HD Modded,119,954,NA,NA
Intel HD P3000,336,758,NA,NA
Intel HD P4000,414,705,NA,NA
Intel HD P4600,604,573,NA,NA
Intel HD P4600/P4700,644,539,NA,NA
Intel HD P530,961,335,NA,NA
Intel Iris 5100,719,476,NA,NA
Intel Iris 540,1346,235,NA,NA
Intel Iris 550,1634,197,NA,NA
Intel Iris 6100,946,343,NA,NA
Intel Iris Pro 5200,1184,270,NA,NA
Intel Iris Pro 580,1933,168,NA,NA
Intel Iris Pro 6200,1525,210,NA,NA
Intel Media Accelerator 3150,3,1332,NA,NA
Intel Media Accelerator 500,3,1339,NA,NA
Intel Media Accelerator 600,6,1282,NA,NA
Intel Media Accelerator HD,116,962,NA,NA
Intel Q33 Express,12,1256,NA,NA
Intel Q35 Express,12,1254,NA,NA
Intel Q45/Q43 Express Chipset,68,1078,NA,NA
Intel Q45/Q43 Express-Chipsatz,63,1090,NA,NA
Intel Q965/Q963 Express,7,1269,NA,NA
Intel Skylake HD DT GT2,578,591,NA,NA
Intel US15 Embedded Media and Controller,7,1268,NA,NA
ION,102,993,0.44,$229.99*
ION LE,102,994,NA,NA
KB 2C,235,828,NA,NA
M860G with Mobility Radeon 4100,76,1060,NA,NA
M880G with Mobility Radeon HD 4200,94,1019,NA,NA
M880G with Mobility Radeon HD 4225,74,1067,NA,NA
M880G with Mobility Radeon HD 4250,106,980,NA,NA
Matrox G200e WDDM 1.2,59,1107,NA,NA
Matrox G200eh,40,1161,NA,NA
Matrox G200eh WDDM 1.2,50,1124,NA,NA
Matrox G200eR,30,1197,NA,NA
Matrox G200eR WDDM 1.2,63,1089,NA,NA
Matrox G200eW,42,1156,NA,NA
Matrox G200eW WDDM 1.2,48,1130,NA,NA
Matrox M9140 LP PCIe x16,19,1236,NA,NA
Matrox Millennium P650 PCIe 128,5,1292,NA,NA
Matrox Parhelia APVe,5,1294,NA,NA
Mobile Intel - famiglia Express Chipset 45,41,1159,NA,NA
Mobile Intel - famiglia Express Chipset serie 4,46,1137,NA,NA
Mobile Intel 4 Express-Chipsatzfamilie,44,1141,NA,NA
Mobile Intel 45 Express,42,1153,NA,NA
Mobile Intel 45 Express-Chipsatzfamilie,40,1164,NA,NA
Mobile Intel 915GM/GMS/910GML Express,4,1326,NA,NA
Mobile Intel 945 Express,5,1291,NA,NA
Mobile Intel 945GM Express,5,1297,NA,NA
Mobile Intel 945GM/GU Express,5,1303,NA,NA
Mobile Intel 965 Express,19,1235,NA,NA
Mobile Intel 965 Express-Chipsatzfamilie,24,1221,NA,NA
Mobile Intel HD,409,710,NA,NA
Mobile Intel serie 4 Express,44,1147,NA,NA
MOBILITY FIREGL T2,39,1165,NA,NA
MOBILITY FIREGL T2/T2e,33,1188,NA,NA
MOBILITY FireGL V3200,61,1099,NA,NA
MOBILITY FireGL V5000,81,1053,NA,NA
MOBILITY FireGL V5200,44,1143,NA,NA
MOBILITY FireGL V5250,26,1210,NA,NA
Mobility FireGL V5725,227,833,NA,NA
Mobility Radeon 4100,88,1034,NA,NA
MOBILITY RADEON 7000 IGP,6,1273,NA,NA
MOBILITY RADEON 7500,4,1313,NA,NA
MOBILITY RADEON 9000,3,1345,NA,NA
MOBILITY RADEON 9000 IGP,7,1264,NA,NA
MOBILITY RADEON 9000/9100 IGP,5,1295,NA,NA
MOBILITY RADEON 9200,3,1338,NA,NA
MOBILITY RADEON 9600 PRO TURBO,23,1223,NA,NA
MOBILITY RADEON 9600/9700,38,1170,NA,NA
MOBILITY RADEON 9700,27,1208,NA,NA
Mobility Radeon HD 2300,52,1120,NA,NA
Mobility Radeon HD 2400,93,1020,NA,NA
Mobility Radeon HD 2400 XT,106,982,NA,NA
Mobility Radeon HD 2600,174,897,NA,NA
Mobility Radeon HD 2600 XT,200,864,NA,NA
Mobility Radeon HD 3410,62,1097,NA,NA
Mobility Radeon HD 3430,99,1004,NA,NA
Mobility Radeon HD 3450,92,1028,NA,NA
Mobility Radeon HD 3470,93,1023,NA,NA
Mobility Radeon HD 3470 Hybrid X2,97,1008,NA,NA
Mobility Radeon HD 3650,221,839,NA,NA
Mobility Radeon HD 3670,238,827,NA,NA
Mobility Radeon HD 3850,365,739,NA,NA
Mobility Radeon HD 3870 X2,521,645,NA,NA
Mobility Radeon HD 4200,93,1022,NA,NA
Mobility Radeon HD 4225,67,1083,NA,NA
Mobility Radeon HD 4250,100,1003,NA,NA
Mobility Radeon HD 4270,95,1016,NA,NA
Mobility Radeon HD 4330,164,905,NA,NA
Mobility Radeon HD 4350,148,915,NA,NA
Mobility Radeon HD 4550,194,878,NA,NA
Mobility Radeon HD 4570,202,863,NA,NA
Mobility Radeon HD 4650,400,719,NA,NA
Mobility Radeon HD 4670,474,673,NA,NA
Mobility Radeon HD 4850,813,404,NA,NA
Mobility Radeon HD 4870,724,470,NA,NA
Mobility Radeon HD 5000,773,433,NA,NA
Mobility Radeon HD 5000 Serisi,478,668,NA,NA
Mobility Radeon HD 5165,284,794,NA,NA
Mobility Radeon HD 530v,175,895,NA,NA
Mobility Radeon HD 540v,189,885,NA,NA
Mobility Radeon HD 5430,180,889,NA,NA
Mobility Radeon HD 5450,212,850,NA,NA
Mobility Radeon HD 545v,199,865,NA,NA
Mobility Radeon HD 5470,232,829,NA,NA
Mobility Radeon HD 550v,267,808,NA,NA
Mobility Radeon HD 5570,730,463,NA,NA
Mobility Radeon HD 560v,321,767,NA,NA
Mobility Radeon HD 5650,529,637,NA,NA
Mobility Radeon HD 565v,325,765,NA,NA
Mobility Radeon HD 5730,662,515,NA,NA
Mobility Radeon HD 5850,765,437,NA,NA
Mobility Radeon HD 5870,1202,265,NA,NA
Mobility Radeon HD serie 4200,96,1013,NA,NA
Mobility Radeon X1300,39,1166,NA,NA
Mobility Radeon X1350,40,1163,NA,NA
Mobility Radeon X1400,42,1152,NA,NA
Mobility Radeon X1450,33,1189,NA,NA
Mobility Radeon X1600,90,1033,NA,NA
Mobility Radeon X1700,98,1007,NA,NA
MOBILITY RADEON X1800,134,935,NA,NA
Mobility Radeon X1900,134,932,NA,NA
Mobility Radeon X2300,47,1134,NA,NA
Mobility Radeon X2300 HD,48,1131,NA,NA
Mobility Radeon X2500,68,1077,NA,NA
MOBILITY RADEON X300,33,1187,NA,NA
MOBILITY RADEON X600,50,1122,NA,NA
MOBILITY RADEON X600 SE,49,1127,NA,NA
MOBILITY RADEON X700,66,1085,NA,NA
MOBILITY RADEON XPRESS 200,27,1207,NA,NA
Mobility Radeon. HD 5470,193,879,NA,NA
MOBILITY/RADEON 9000,4,1308,NA,NA
nForce 750a SLI,86,1037,NA,NA
nForce 760i SLI,140,923,NA,NA
nForce 780a SLI,92,1027,NA,NA
nForce 980a/780a SLI,83,1047,NA,NA
NVS 2100M,195,872,NA,NA
NVS 300,197,868,1.59,$123.99
NVS 310,277,799,3.38,$81.99
NVS 3100M,215,849,NA,NA
NVS 315,339,755,4.99,$68.00
NVS 4200M,354,744,NA,NA
NVS 510,768,435,2.59,$296.99
NVS 5100M,371,735,NA,NA
NVS 5200M,623,557,NA,NA
NVS 5400M,736,456,NA,NA
PHDGD Solo 1.2.0 x86,11,1258,NA,NA
PHDGD Solo 2 x64,20,1234,NA,NA
Quadro 1000M,732,461,20.36,$35.95*
Quadro 1100M,755,446,NA,NA
Quadro 2000,1303,240,16.23,$80.27
Quadro 2000 D,1167,272,NA,NA
Quadro 2000D,1285,246,1.65,$780.00*
Quadro 2000M,1066,290,4.59,$232.14*
Quadro 280 NVS PCIe,5,1293,NA,NA
Quadro 3000M,1327,238,2.67,$496.64*
Quadro 400,260,814,2.17,$119.99*
Quadro 4000,1934,167,11.26,$171.73
Quadro 4000M,1747,187,NA,NA
Quadro 410,429,699,2.68,$160.00
Quadro 5000,2706,124,7.87,$344.00
Quadro 5000M,1942,163,NA,NA
Quadro 500M,646,537,NA,NA
Quadro 5010M,1783,181,NA,NA
Quadro 600,680,495,7.51,$90.49
Quadro 6000,3444,94,4.27,$807.30
Quadro CX,1013,311,6.76,$149.95*
Quadro FX 1000,34,1184,NA,NA
Quadro FX 1100,35,1177,0.16,$212.99*
Quadro FX 1300,24,1219,NA,NA
Quadro FX 1400,103,987,NA,NA
Quadro FX 1500,156,907,1.73,$89.99*
Quadro FX 1500M,176,894,NA,NA
Quadro FX 1600M,226,835,NA,NA
Quadro FX 1700,205,860,1.51,$135.50
Quadro FX 1700M,315,770,NA,NA
Quadro FX 1800,594,581,3.65,$162.63
Quadro FX 1800M,487,664,NA,NA
Quadro FX 2500M,212,851,NA,NA
Quadro FX 2700M,542,628,NA,NA
Quadro FX 2800M,678,498,NA,NA
Quadro FX 3000,65,1087,0.45,$145.00*
Quadro FX 3400/4400,102,992,NA,NA
Quadro FX 3450,148,917,0.99,$149.97*
Quadro FX 3450/4000 SDI,133,937,NA,NA
Quadro FX 350,85,1038,NA,NA
Quadro FX 3500,208,855,5.33,$39.00*
Quadro FX 350M,61,1098,NA,NA
Quadro FX 3600M,470,677,NA,NA
Quadro FX 360M,90,1032,NA,NA
Quadro FX 370,90,1030,0.64,$139.98*
Quadro FX 370 LP,108,977,NA,NA
Quadro FX 3700,638,544,6.93,$92.00
Quadro FX 3700M,664,511,0.72,$925.00*
Quadro FX 370M,88,1035,NA,NA
Quadro FX 380,164,903,2.19,$75.00*
Quadro FX 380 LP,203,862,NA,NA
Quadro FX 3800,845,387,3.52,$240.00
Quadro FX 3800M,829,394,NA,NA
Quadro FX 380M,219,843,NA,NA
Quadro FX 4500,206,859,0.87,$236.60*
Quadro FX 4600,615,562,3.70,$166.00
Quadro FX 4700 X2,665,507,NA,NA
Quadro FX 4800,986,323,4.63,$212.95*
Quadro FX 500/600 PCI,14,1248,NA,NA
Quadro FX 500/FX 600,7,1272,NA,NA
Quadro FX 540,83,1049,1.38,$59.99*
Quadro FX 550,63,1096,NA,NA
Quadro FX 5500,241,826,0.76,$315.99*
Quadro FX 560,119,953,0.79,$150.25*
Quadro FX 5600,715,481,2.77,$257.95*
Quadro FX 570,122,950,0.20,$599.99
Quadro FX 570M,191,881,NA,NA
Quadro FX 580,291,788,2.97,$97.99*
Quadro FX 5800,1091,283,2.18,$499.99*
Quadro FX 770M,315,769,0.60,$527.00*
Quadro FX 880M,371,734,NA,NA
Quadro FX Go1400,101,1001,NA,NA
Quadro K1000M,775,430,3.13,$247.50
Quadro K1100M,981,327,0.48,"$2,048.71*"
Quadro K1200,2882,117,10.40,$277.22
Quadro K2000,1658,195,5.53,$299.99
Quadro K2000D,1637,196,4.10,$399.00
Quadro K2000M,1078,288,4.06,$265.27*
Quadro K2100M,1220,262,8.72,$139.95
Quadro K2200,3437,95,8.90,$385.99
Quadro K2200M,1520,211,NA,NA
Quadro K3000M,1599,200,5.53,$289.00*
Quadro K3100M,1858,177,0.81,"$2,299.00*"
Quadro K4000,2820,121,8.06,$349.99
Quadro K4000M,2260,143,NA,NA
Quadro K4100M,2515,134,NA,NA
Quadro K420,835,390,7.46,$111.99
Quadro K4200,4429,59,5.76,$768.99
Quadro K5000,3994,79,4.44,$899.99
Quadro K5000M,2679,126,8.12,$329.99*
Quadro K5100M,2958,112,NA,NA
Quadro K510M,624,556,NA,NA
Quadro K5200,6124,29,3.64,"$1,680.95"
Quadro K600,825,395,4.44,$186.00
Quadro K6000,7777,18,1.68,"$4,615.99"
Quadro K610M,711,482,3.09,$229.99*
Quadro K620,2270,142,14.19,$159.99
Quadro K620M,796,415,NA,NA
Quadro M1000M,1673,190,NA,NA
Quadro M2000,4497,58,10.46,$430.00
Quadro M2000M,2213,148,NA,NA
Quadro M3000M,4253,69,NA,NA
Quadro M4000,6429,27,7.95,$808.85
Quadro M4000M,3339,98,NA,NA
Quadro M5000,8323,13,4.45,"$1,870.00"
Quadro M5000M,4908,53,NA,NA
Quadro M500M,998,318,NA,NA
Quadro M6000,10500,7,2.33,"$4,499.99"
Quadro M6000 24GB,11701,3,NA,NA
Quadro M600M,1545,206,NA,NA
Quadro NVS 110M,47,1136,NA,NA
Quadro NVS 120M,47,1133,NA,NA
Quadro NVS 130M,60,1101,NA,NA
Quadro NVS 135M,57,1110,NA,NA
Quadro NVS 140M,93,1021,NA,NA
Quadro NVS 150M,95,1015,NA,NA
Quadro NVS 160M,97,1011,NA,NA
Quadro NVS 210S,23,1225,NA,NA
Quadro NVS 210S / GeForce 6150LE,18,1237,NA,NA
Quadro NVS 280 SD,1,1373,NA,NA
Quadro NVS 285,34,1185,0.89,$38.02
Quadro NVS 285 128MB,38,1169,0.69,$55.00*
Quadro NVS 290,98,1006,2.45,$39.95*
Quadro NVS 295,101,997,1.92,$52.50
Quadro NVS 320M,218,846,NA,NA
Quadro NVS 420,104,985,0.69,$149.99
Quadro NVS 440,37,1172,0.35,$105.00
Quadro NVS 450,92,1025,0.37,$249.99*
Quadro NVS 55/280 PCI,6,1275,NA,NA
Quadro2 Pro,1,1374,NA,NA
Quadro4 380 XGL,7,1270,NA,NA
Quadro4 980 XGL,5,1290,0.01,$341.43*
Radeon 2100,57,1109,NA,NA
Radeon 3000,104,986,NA,NA
Radeon 3100,76,1062,NA,NA
Radeon 6600M,734,460,NA,NA
RADEON 7000 / RADEON VE Family,4,1306,NA,NA
RADEON 7500,3,1331,0.09,$32.12*
RADEON 7500 Family,4,1324,NA,NA
RADEON 9000 Family,3,1358,NA,NA
RADEON 9100 Family,5,1302,NA,NA
RADEON 9100 IGP,6,1277,NA,NA
RADEON 9200,3,1356,0.08,$39.95*
RADEON 9200 LE Family,2,1362,NA,NA
RADEON 9200 PRO Family,2,1365,NA,NA
RADEON 9200 SE,2,1359,NA,NA
RADEON 9250,2,1366,0.05,$42.99*
RADEON 9500,36,1174,0.89,$40.50*
RADEON 9500 PRO / 9700,45,1140,NA,NA
RADEON 9550,35,1179,1.10,$31.88*
Radeon 9550 / X1050,28,1203,NA,NA
RADEON 9600 Family,26,1212,NA,NA
RADEON 9600 PRO Family,26,1214,NA,NA
RADEON 9600 TX Family,18,1238,NA,NA
RADEON 9600 XT,35,1178,NA,NA
RADEON 9600SE,28,1204,NA,NA
RADEON 9700 PRO,53,1119,NA,NA
RADEON 9800 PRO,56,1114,NA,NA
RADEON 9800 SE,27,1205,NA,NA
RADEON 9800 XT,49,1129,NA,NA
RADEON E4690,405,717,NA,NA
Radeon E6760,954,338,3.98,$239.99*
Radeon E8860,1628,198,NA,NA
Radeon HD 2350,76,1061,NA,NA
Radeon HD 2400,123,949,NA,NA
Radeon HD 2400 PCI,14,1247,NA,NA
Radeon HD 2400 Pro,122,951,NA,NA
Radeon HD 2400 XT,125,946,NA,NA
Radeon HD 2600 PRO,220,842,NA,NA
Radeon HD 2600 Pro AGP,141,920,NA,NA
Radeon HD 2600 XT,298,784,NA,NA
Radeon HD 2900 GT,292,787,NA,NA
Radeon HD 2900 PRO,649,530,NA,NA
Radeon HD 2900 XT,629,551,NA,NA
Radeon HD 3200,84,1044,NA,NA
Radeon HD 3300,133,936,NA,NA
Radeon HD 3450,125,947,1.71,$72.99*
Radeon HD 3470,151,912,NA,NA
Radeon HD 3650 AGP,146,919,NA,NA
Radeon HD 3670,254,819,NA,NA
Radeon HD 3850,540,631,NA,NA
Radeon HD 3850 AGP,476,671,NA,NA
Radeon HD 3850 X2,792,417,NA,NA
Radeon HD 3870,735,457,12.67,$58.00*
Radeon HD 3870 X2,874,375,NA,NA
Radeon HD 4200,117,959,NA,NA
Radeon HD 4250,129,940,NA,NA
Radeon HD 4270,113,966,NA,NA
Radeon HD 4290,148,916,NA,NA
Radeon HD 4300/4500 Serisi,155,908,NA,NA
Radeon HD 4330,164,904,NA,NA
Radeon HD 4350,177,892,2.72,$64.99*
Radeon HD 4550,252,821,1.98,$126.99*
Radeon HD 4650,346,750,2.77,$124.99*
Radeon HD 4650 AGP,263,809,NA,NA
Radeon HD 4670,550,615,5.00,$109.99*
Radeon HD 4770,1054,294,NA,NA
Radeon HD 4810,781,423,NA,NA
Radeon HD 4830,969,331,16.15,$59.99*
Radeon HD 4850,1035,302,11.50,$89.99*
Radeon HD 4850 X2,1124,278,NA,NA
Radeon HD 4870,1376,229,22.94,$59.99*
Radeon HD 4870 X2,1244,255,NA,NA
Radeon HD 4890,1536,207,13.96,$109.99*
Radeon HD 5450,231,830,7.70,$29.99
Radeon HD 5470,268,806,NA,NA
Radeon HD 5550,540,632,9.82,$54.99*
Radeon HD 5570,711,483,4.06,$174.99*
Radeon HD 5600/5700,967,332,NA,NA
Radeon HD 5670,1064,291,22.24,$47.84*
Radeon HD 5750,1399,225,20.16,$69.41*
Radeon HD 5770,1684,189,14.52,$115.99*
Radeon HD 5830,2026,159,12.66,$159.99*
Radeon HD 5850,2253,144,28.17,$79.99*
Radeon HD 5870,2594,130,25.94,$99.99*
Radeon HD 5970,2590,131,7.85,$329.99*
Radeon HD 6230,211,853,NA,NA
Radeon HD 6250,117,958,NA,NA
Radeon HD 6290,135,931,NA,NA
Radeon HD 6290M,137,930,NA,NA
Radeon HD 6300M,249,823,NA,NA
Radeon HD 6310,169,899,NA,NA
Radeon HD 6320,203,861,0.37,$554.99*
Radeon HD 6320 Graphic,216,847,NA,NA
Radeon HD 6320M,198,867,NA,NA
RADEON HD 6350,208,857,3.06,$67.99*
Radeon HD 6370D,323,766,NA,NA
Radeon HD 6370M,269,804,NA,NA
Radeon HD 6380G,300,782,0.75,$399.99*
Radeon HD 6410D,392,723,NA,NA
Radeon HD 6430M,194,875,NA,NA
Radeon HD 6450,286,792,9.54,$29.99
Radeon HD 6450A,260,815,NA,NA
Radeon HD 6470M,314,772,0.55,$569.99*
Radeon HD 6480G,407,712,NA,NA
Radeon HD 6490M,369,737,0.31,"$1,193.03*"
Radeon HD 6520G,488,663,NA,NA
Radeon HD 6530D,517,647,NA,NA
Radeon HD 6550A,707,485,NA,NA
Radeon HD 6550D,654,521,NA,NA
Radeon HD 6570,759,442,4.22,$179.99
Radeon HD 6610M,547,621,NA,NA
Radeon HD 6620G,561,603,NA,NA
Radeon HD 6630M,684,494,NA,NA
Radeon HD 6650M,695,490,NA,NA
Radeon HD 6670,1047,298,10.17,$102.99*
Radeon HD 6670 + 6670 Dual,646,536,NA,NA
Radeon HD 6700M,981,329,NA,NA
Radeon HD 6750,1296,242,25.93,$49.99*
Radeon HD 6750M,928,351,NA,NA
Radeon HD 6770,1658,194,21.54,$76.99*
Radeon HD 6770M,992,320,NA,NA
Radeon HD 6790,2027,158,31.19,$64.99*
Radeon HD 6800M,988,321,NA,NA
Radeon HD 6850,2240,145,22.40,$99.99*
Radeon HD 6870,2576,132,28.63,$89.99*
Radeon HD 6900M,1917,172,NA,NA
Radeon HD 6950,3174,102,35.27,$89.99
Radeon HD 6970,3470,92,36.53,$94.99*
Radeon HD 6990,2514,135,15.71,$159.99*
Radeon HD 7290,138,926,NA,NA
Radeon HD 7310,171,898,NA,NA
Radeon HD 7310G,180,890,NA,NA
Radeon HD 7310M,165,902,NA,NA
Radeon HD 7340,209,854,0.38,$552.69*
Radeon HD 7340G,194,877,NA,NA
Radeon HD 7340M,219,844,NA,NA
Radeon HD 7350,283,796,NA,NA
Radeon HD 7400G,331,760,NA,NA
Radeon HD 7420G,449,692,NA,NA
Radeon HD 7450,319,768,3.75,$84.99*
Radeon HD 7450A,288,790,NA,NA
Radeon HD 7450M,332,759,NA,NA
Radeon HD 7470,374,731,NA,NA
Radeon HD 7470M,413,708,NA,NA
Radeon HD 7480D,420,703,NA,NA
Radeon HD 7500G,407,711,NA,NA
Radeon HD 7500G + 7500M/7600M Dual,647,533,NA,NA
Radeon HD 7500G + 7550M Dual,497,661,NA,NA
Radeon HD 7520G,454,684,NA,NA
Radeon HD 7520G + 7400M Dual,486,665,NA,NA
Radeon HD 7520G + 7600M Dual,591,582,NA,NA
Radeon HD 7520G + 7610M Dual,464,681,NA,NA
Radeon HD 7520G + 7650M Dual,453,686,NA,NA
Radeon HD 7520G + 7670M Dual,528,638,NA,NA
Radeon HD 7520G + 7700M Dual,1060,293,NA,NA
Radeon HD 7520G + 8600/8700M Dual,311,775,NA,NA
Radeon HD 7520G + HD 7400M Dual,576,595,NA,NA
Radeon HD 7520G + HD 7600M Dual,643,541,NA,NA
Radeon HD 7520G + HD 7670M Dual,547,622,NA,NA
Radeon HD 7520G + HD 8600/8700M Dual,463,682,NA,NA
Radeon HD 7520G + HD 8750M Dual,651,527,NA,NA
Radeon HD 7540D,517,646,NA,NA
Radeon HD 7540D + 6570 Dual,719,477,NA,NA
Radeon HD 7550M,489,662,NA,NA
Radeon HD 7550M/7650M,729,464,NA,NA
Radeon HD 7560D,665,509,NA,NA
Radeon HD 7560D + 6570 Dual,833,392,NA,NA
Radeon HD 7560D + 6670 Dual,1130,277,NA,NA
Radeon HD 7560D + 7560D Dual,982,326,NA,NA
Radeon HD 7560D + 7670 Dual,1412,222,NA,NA
Radeon HD 7560D + HD 7000 Dual,534,634,NA,NA
Radeon HD 7560D + HD 7700 Dual,1346,234,NA,NA
Radeon HD 7570,981,328,NA,NA
Radeon HD 7570M,609,570,NA,NA
Radeon HD 7570M/HD 7670M,722,472,NA,NA
Radeon HD 7580D,350,746,NA,NA
Radeon HD 7600G,477,669,NA,NA
Radeon HD 7600G + 7450M Dual,389,724,NA,NA
Radeon HD 7600G + 7500M/7600M Dual,405,716,NA,NA
Radeon HD 7600G + 7550M Dual,423,701,NA,NA
Radeon HD 7600G + 8500M/8700M Dual,469,678,NA,NA
Radeon HD 7600G + HD 7500M/7600M Dual,551,614,NA,NA
Radeon HD 7600G + HD 8670M Dual,543,627,NA,NA
Radeon HD 7600G + HD Dual,411,709,NA,NA
Radeon HD 7600M + 7600M Dual,823,398,NA,NA
Radeon HD 7610M,631,547,NA,NA
Radeon HD 7620G,474,675,NA,NA
Radeon HD 7620G + 8600M Dual,514,650,NA,NA
Radeon HD 7620G + 8670M Dual,577,593,NA,NA
Radeon HD 7620G + HD 8600M Dual,451,688,NA,NA
Radeon HD 7620G + HD 8670M Dual,517,648,NA,NA
Radeon HD 7640G,606,572,NA,NA
Radeon HD 7640G + 6400M Dual,526,640,NA,NA
Radeon HD 7640G + 7400M Dual,637,545,NA,NA
Radeon HD 7640G + 7470M Dual,603,574,NA,NA
Radeon HD 7640G + 7500/7600 Dual,627,553,NA,NA
Radeon HD 7640G + 7600M Dual,705,486,NA,NA
Radeon HD 7640G + 7610M Dual,563,601,NA,NA
Radeon HD 7640G + 7670M Dual,646,535,NA,NA
Radeon HD 7640G + 7700M Dual,690,491,NA,NA
Radeon HD 7640G + 8500M Dual,570,597,NA,NA
Radeon HD 7640G + 8570M Dual,565,599,NA,NA
Radeon HD 7640G + 8600/8700M Dual,688,492,NA,NA
Radeon HD 7640G + 8670M Dual,558,607,NA,NA
Radeon HD 7640G + 8750M Dual,654,520,NA,NA
Radeon HD 7640G + HD 7400M Dual,617,559,NA,NA
Radeon HD 7640G + HD 7600M Dual,698,489,NA,NA
Radeon HD 7640G + HD 7670M Dual,648,531,NA,NA
Radeon HD 7640G + HD 7700M Dual,665,506,NA,NA
Radeon HD 7640G + HD 8500M Dual,607,571,NA,NA
Radeon HD 7640G + HD 8500M N HD 8500M Dual,665,510,NA,NA
Radeon HD 7640G + HD 8600/8700M Dual,506,657,NA,NA
Radeon HD 7640G + HD 8750M Dual,1240,256,NA,NA
Radeon HD 7640G + R5 M200 Dual,508,656,NA,NA
Radeon HD 7640G N HD 7640G + HD 7600M N HD 7600M D,824,397,NA,NA
Radeon HD 7640G N HD 7640G + HD 7670M Dual,679,496,NA,NA
Radeon HD 7650A,797,414,3.04,$262.00*
Radeon HD 7650M,723,471,NA,NA
Radeon HD 7660D,791,418,NA,NA
Radeon HD 7660D + 6570 Dual,1100,282,NA,NA
Radeon HD 7660D + 6670 Dual,1238,258,NA,NA
Radeon HD 7660D + 7470 Dual,465,680,NA,NA
Radeon HD 7660D + 7670 Dual,1061,292,NA,NA
Radeon HD 7660D + HD 6670 Dual,1484,213,NA,NA
Radeon HD 7660D + HD 7700 Dual,1878,175,NA,NA
Radeon HD 7660G,819,400,NA,NA
Radeon HD 7660G + 7400M Dual,588,585,NA,NA
Radeon HD 7660G + 7470M Dual,579,589,NA,NA
Radeon HD 7660G + 7600M Dual,823,399,NA,NA
Radeon HD 7660G + 7610M Dual,744,450,NA,NA
Radeon HD 7660G + 7670M Dual,734,459,NA,NA
Radeon HD 7660G + 7700M Dual,757,444,NA,NA
Radeon HD 7660G + 7730M Dual,931,347,NA,NA
Radeon HD 7660G + 8600M Dual,445,693,NA,NA
Radeon HD 7660G + 8670M Dual,587,586,NA,NA
Radeon HD 7660G + HD 7600M Dual,825,396,NA,NA
Radeon HD 7660G + HD 7670M Dual,707,484,NA,NA
Radeon HD 7660G + HD 7700M Dual,764,438,NA,NA
Radeon HD 7660G N HD 7660G + HD 7600M N HD 7600M D,722,473,NA,NA
Radeon HD 7660G N HD 7660G + HD 7670M Dual,704,487,NA,NA
Radeon HD 7660G N HD 7660G + HD 7700M N HD 7700M D,966,333,NA,NA
Radeon HD 7670,1084,287,NA,NA
Radeon HD 7670A,1051,297,NA,NA
Radeon HD 7670M,817,401,1.30,$629.99*
Radeon HD 7670M + 7670M Dual,738,454,NA,NA
Radeon HD 7690M,999,317,NA,NA
Radeon HD 7690M XT,1009,314,NA,NA
Radeon HD 7730,1413,221,28.27,$49.99*
Radeon HD 7730M,1016,310,NA,NA
Radeon HD 7750,1660,193,9.82,$169.00
Radeon HD 7750M,1191,267,NA,NA
Radeon HD 7770,2172,150,8.13,$267.17
Radeon HD 7790,3001,109,9.61,$312.42
Radeon HD 7850,3774,83,8.39,$449.59
Radeon HD 7850M,1372,230,NA,NA
Radeon HD 7870,4300,65,10.15,$423.44
Radeon HD 7870 XT,4395,60,NA,NA
Radeon HD 7870M,1482,214,NA,NA
Radeon HD 7950 / R9 280,4762,54,23.81,$199.99
Radeon HD 7970 / R9 280X,5246,42,17.49,$299.99
Radeon HD 7970M,3707,85,NA,NA
Radeon HD 7990,5390,39,9.14,$589.89*
Radeon HD 8180,199,866,NA,NA
Radeon HD 8210,256,818,NA,NA
Radeon HD 8240,283,795,NA,NA
Radeon HD 8250,262,812,NA,NA
Radeon HD 8280,326,764,NA,NA
Radeon HD 8280E,330,762,NA,NA
Radeon HD 8280G,269,805,NA,NA
Radeon HD 8330,348,748,NA,NA
Radeon HD 8330E,340,753,NA,NA
Radeon HD 8350,260,816,1.86,$139.99*
Radeon HD 8350G,398,720,NA,NA
Radeon HD 8370D,430,698,NA,NA
Radeon HD 8400,371,733,NA,NA
Radeon HD 8400E,342,752,NA,NA
Radeon HD 8410G,428,700,NA,NA
Radeon HD 8450G,414,706,NA,NA
Radeon HD 8450G + 8600M Dual,545,624,NA,NA
Radeon HD 8450G + 8670M Dual,474,674,NA,NA
Radeon HD 8450G + 8750M Dual,637,546,NA,NA
Radeon HD 8450G + HD 8600M Dual,452,687,NA,NA
Radeon HD 8470,350,747,NA,NA
Radeon HD 8470D,516,649,NA,NA
Radeon HD 8470D + 6450 Dual,717,480,NA,NA
Radeon HD 8490,383,726,NA,NA
Radeon HD 8500M,521,644,NA,NA
Radeon HD 8500M/8700M,888,369,NA,NA
Radeon HD 8510G,512,653,NA,NA
Radeon HD 8510G + 8500M Dual,596,580,NA,NA
Radeon HD 8550D,663,513,NA,NA
Radeon HD 8550G,722,474,NA,NA
Radeon HD 8550G + 8500M Dual,602,576,NA,NA
Radeon HD 8550G + 8570M Dual,535,633,NA,NA
Radeon HD 8550G + 8600/8700M Dual,802,410,NA,NA
Radeon HD 8550G + 8600M Dual,617,560,NA,NA
Radeon HD 8550G + 8670M Dual,561,602,NA,NA
Radeon HD 8550G + 8690M Dual,664,512,NA,NA
Radeon HD 8550G + 8750M Dual,799,412,NA,NA
Radeon HD 8550G + HD 8600/8700M Dual,798,413,NA,NA
Radeon HD 8550G + HD 8600M Dual,666,505,NA,NA
Radeon HD 8550G + HD 8750M Dual,874,376,NA,NA
Radeon HD 8550G + R5 M200 Dual,625,555,NA,NA
Radeon HD 8550G + R5 M230 Dual,583,587,NA,NA
Radeon HD 8570,952,339,NA,NA
Radeon HD 8570 + 8670D Dual,620,558,NA,NA
Radeon HD 8570D,675,502,NA,NA
Radeon HD 8570D + 6570 Dual,1239,257,NA,NA
Radeon HD 8570D + HD 6570 Dual,868,377,NA,NA
Radeon HD 8570D + HD 6670 Dual,1260,253,NA,NA
Radeon HD 8570D + HD 7700 Dual,1834,178,NA,NA
Radeon HD 8570D + HD 8570 Dual,1032,303,NA,NA
Radeon HD 8570D + R7 200 Dual,1000,316,NA,NA
Radeon HD 8570D + R7 240 Dual,963,334,NA,NA
Radeon HD 8570M,545,623,NA,NA
Radeon HD 8600/8700M,1042,299,NA,NA
Radeon HD 8610G,553,610,NA,NA
Radeon HD 8610G + 8500M Dual,610,569,NA,NA
Radeon HD 8610G + 8600M Dual,588,584,NA,NA
Radeon HD 8610G + 8670M Dual,599,578,NA,NA
Radeon HD 8610G + HD 8500M Dual,629,550,NA,NA
Radeon HD 8610G + HD 8600M Dual,576,594,NA,NA
Radeon HD 8610G + HD 8670M Dual,568,598,NA,NA
Radeon HD 8610G + R5 M200 Dual,671,504,NA,NA
Radeon HD 8650D,578,592,NA,NA
Radeon HD 8650G,940,344,NA,NA
Radeon HD 8650G + 7600M Dual,741,452,NA,NA
Radeon HD 8650G + 7670M Dual,778,425,NA,NA
Radeon HD 8650G + 8500M Dual,626,554,NA,NA
Radeon HD 8650G + 8570M Dual,652,525,NA,NA
Radeon HD 8650G + 8600/8700M Dual,835,391,NA,NA
Radeon HD 8650G + 8600M Dual,613,566,NA,NA
Radeon HD 8650G + 8670M Dual,647,534,NA,NA
Radeon HD 8650G + 8750M Dual,787,419,NA,NA
Radeon HD 8650G + HD 7600M Dual,854,382,NA,NA
Radeon HD 8650G + HD 8570M Dual,725,468,NA,NA
Radeon HD 8650G + HD 8600/8700M Dual,781,424,NA,NA
Radeon HD 8650G + HD 8600M Dual,612,567,NA,NA
Radeon HD 8650G + HD 8670M Dual,655,519,NA,NA
Radeon HD 8650G + HD 8750M Dual,785,420,NA,NA
Radeon HD 8650G + R5 M230 Dual,722,475,NA,NA
Radeon HD 8650G N HD 8650G + HD 8570M Dual,773,432,NA,NA
Radeon HD 8650G N HD 8650G + HD 8600M N HD 8600M D,679,497,NA,NA
Radeon HD 8670D,814,403,NA,NA
Radeon HD 8670D + 6670 Dual,1361,233,NA,NA
Radeon HD 8670D + 7700 Dual,1788,180,NA,NA
Radeon HD 8670D + HD 6670 Dual,1221,261,NA,NA
Radeon HD 8670D + R5 235 Dual,861,379,NA,NA
Radeon HD 8670D + R7 200 Dual,949,342,NA,NA
Radeon HD 8670D + R7 240 Dual,1020,309,NA,NA
Radeon HD 8670M,510,655,NA,NA
Radeon HD 8690A,915,355,NA,NA
Radeon HD 8690M,960,337,NA,NA
Radeon HD 8730M,782,421,NA,NA
Radeon HD 8750M,1001,315,NA,NA
Radeon HD 8790M,1287,245,NA,NA
Radeon HD 8790M / R9 M290X,1236,259,NA,NA
Radeon HD 8850M,992,319,NA,NA
Radeon HD 8850M / R9 M265X,1362,232,NA,NA
Radeon HD 8870M,1672,191,NA,NA
Radeon HD 8870M / R9 M270X / M370X,1755,185,NA,NA
Radeon HD 8950,2878,118,NA,NA
Radeon HD 8970M,3883,81,NA,NA
Radeon HD 8990,5041,48,NA,NA
RADEON HD6370D,331,761,NA,NA
RADEON HD6410D,422,702,NA,NA
RADEON HD6530D,531,635,NA,NA
Radeon HD7570,1028,304,NA,NA
Radeon HD8490,377,729,NA,NA
Radeon HD8970M,3078,105,NA,NA
Radeon IGP 320M,3,1353,NA,NA
Radeon IGP 340M,2,1363,NA,NA
RADEON IGP 345M,2,1371,NA,NA
RADEON IGP 350M,6,1274,NA,NA
Radeon R2,297,785,NA,NA
Radeon R2E,223,837,NA,NA
Radeon R3,379,728,NA,NA
Radeon R3E,271,803,NA,NA
Radeon R4,406,713,NA,NA
Radeon R5 220,231,831,NA,NA
Radeon R5 235,361,740,NA,NA
Radeon R5 235 + HD 7560D Dual,743,451,NA,NA
Radeon R5 235X,373,732,NA,NA
Radeon R5 240,653,522,10.05,$65.00
Radeon R5 310,343,751,NA,NA
Radeon R5 M230,454,685,NA,NA
Radeon R5 M240,512,652,NA,NA
Radeon R5 M255,741,453,NA,NA
Radeon R5 M330,545,625,NA,NA
Radeon R5 M335,544,626,NA,NA
Radeon R5E,330,763,NA,NA
Radeon R6,652,524,NA,NA
Radeon R6 + R7 M265DX Dual,570,596,NA,NA
Radeon R7 + HD 7700 Dual,1935,166,NA,NA
Radeon R7 + R7 200 Dual,1254,254,NA,NA
Radeon R7 + R7 240 Dual,1036,301,NA,NA
Radeon R7 240,960,336,16.55,$57.99
Radeon R7 240 + HD 8570D Dual,917,353,NA,NA
Radeon R7 240 + HD 8670D Dual,930,348,NA,NA
Radeon R7 250,1399,224,19.99,$69.99
Radeon R7 260,2890,116,32.11,$89.99*
Radeon R7 260X,3074,106,28.49,$107.89
Radeon R7 340,1011,313,NA,NA
Radeon R7 360,3138,103,34.87,$89.99
Radeon R7 370,4383,63,NA,NA
Radeon R7 A10 PRO-7800B,877,373,NA,NA
Radeon R7 A10 PRO-7850B,857,381,NA,NA
Radeon R7 A10-7700K,901,361,NA,NA
Radeon R7 A10-7800,882,370,NA,NA
Radeon R7 A10-7850K,1021,308,NA,NA
"Radeon R7 A10-7860K Radeon R7, 12 Compute Cores 4C",1028,305,NA,NA
"Radeon R7 A10-7870K Radeon R7, 12 Compute Cores 4C",1153,274,NA,NA
"Radeon R7 A10-7890K Radeon R7, 12 Compute Cores 4C",1185,269,NA,NA
"Radeon R7 A10-8750 Radeon R7, 12 Compute Cores 4C+",983,325,NA,NA
Radeon R7 A265,987,322,NA,NA
Radeon R7 A370,1281,248,NA,NA
Radeon R7 A8 PRO-7600B,735,458,NA,NA
Radeon R7 A8-7600,932,346,NA,NA
Radeon R7 A8-7650K,880,371,NA,NA
"Radeon R7 A8-7650K Radeon R7, 10 Compute Cores 4C+",758,443,NA,NA
Radeon R7 A8-7670K,899,364,NA,NA
"Radeon R7 A8-8650 Radeon R7, 10 Compute Cores 4C+6",898,366,NA,NA
Radeon R7 M260,678,499,0.85,$799.00*
Radeon R7 M260X,1088,284,NA,NA
Radeon R7 M265,807,407,NA,NA
Radeon R7 M270,751,447,NA,NA
Radeon R7 M340,842,389,NA,NA
Radeon R7 M360,642,542,NA,NA
Radeon R7 M370,1367,231,NA,NA
"Radeon R7 PRO A10-8750B R7, 12 Compute Cores 4C+8G",811,405,NA,NA
"Radeon R7 PRO A10-8850B R7, 12 Compute Cores 4C+8G",916,354,NA,NA
"Radeon R7 PRO A8-8650B R7, 10 Compute Cores 4C+6G",928,349,NA,NA
Radeon R9 255,1758,184,NA,NA
Radeon R9 260,2971,111,NA,NA
Radeon R9 270 / R7 370,4255,68,35.46,$119.99
Radeon R9 270X,4589,57,20.31,$226.00
Radeon R9 280,4910,52,NA,NA
Radeon R9 280X,5544,36,NA,NA
Radeon R9 285 / 380,5539,37,28.78,$192.47
Radeon R9 290 / 390,6929,25,26.65,$259.99
Radeon R9 290X / 390X,7175,23,23.92,$299.99
Radeon R9 295X2,7158,24,4.97,"$1,439.99*"
Radeon R9 360,3025,108,NA,NA
Radeon R9 370,4722,55,NA,NA
Radeon R9 380,5478,38,20.67,$264.99
Radeon R9 380X,5791,31,34.07,$169.99
Radeon R9 390,7190,22,NA,NA
Radeon R9 390X,7444,21,NA,NA
Radeon R9 Fury + Fury X,8300,14,23.71,$349.99
Radeon R9 M265X,1214,264,NA,NA
Radeon R9 M270X,1312,239,NA,NA
Radeon R9 M275,1084,286,1.36,$799.99
Radeon R9 M275X / M375,1414,220,NA,NA
Radeon R9 M290X,3811,82,NA,NA
Radeon R9 M295X,5101,46,NA,NA
Radeon R9 M360,1448,216,NA,NA
Radeon R9 M370X,1937,165,NA,NA
Radeon R9 M375,1012,312,NA,NA
Radeon R9 M380,3047,107,NA,NA
Radeon R9 M390X,3391,96,NA,NA
Radeon R9 M395,5015,49,NA,NA
Radeon R9 M395X,5576,34,NA,NA
Radeon RX 460,4271,67,37.14,$114.99
Radeon RX 470,7527,20,37.64,$199.99
Radeon RX 480,7614,19,28.20,$269.99
Radeon TM R9 A360,2148,153,NA,NA
Radeon X1050,50,1123,NA,NA
Radeon X1200,32,1191,NA,NA
Radeon X1250,35,1181,NA,NA
Radeon X1270,31,1195,NA,NA
Radeon X1300,57,1112,0.56,$101.99*
Radeon X1300 PRO,87,1036,NA,NA
Radeon X1550,63,1095,0.56,$113.00*
Radeon X1550 64-bit,44,1146,NA,NA
Radeon X1600,44,1142,NA,NA
Radeon X1600 Pro,96,1014,NA,NA
Radeon X1600 XT,109,973,NA,NA
Radeon X1650 GTO,74,1065,NA,NA
Radeon X1650 Pro,82,1051,0.51,$160.89*
Radeon X1650 SE,71,1071,NA,NA
Radeon X1700 Targa Edition,116,960,NA,NA
Radeon X1800 GTO,137,929,NA,NA
Radeon X1900 CrossFire Edition,153,910,NA,NA
Radeon X1900 GT,140,922,NA,NA
Radeon X1950 CrossFire Edition,151,913,NA,NA
Radeon X1950 GT,110,972,NA,NA
Radeon X1950 Pro,110,970,NA,NA
RADEON X300SE,38,1168,NA,NA
RADEON X550,46,1138,NA,NA
RADEON X550XT,54,1116,NA,NA
Radeon X550XTX,66,1086,NA,NA
RADEON X600 256MB HyperMemory,55,1115,NA,NA
RADEON X600XT,91,1029,NA,NA
RADEON X700,72,1070,NA,NA
RADEON X700 PRO,80,1055,NA,NA
RADEON X700 SE,74,1064,NA,NA
RADEON X800 GT,81,1054,NA,NA
RADEON X800 GTO,75,1063,NA,NA
RADEON X800 PRO,60,1100,NA,NA
RADEON X800 PRO/GTO,73,1068,NA,NA
RADEON X800 XL,67,1082,NA,NA
RADEON X800 XT,97,1009,NA,NA
RADEON X800GT,80,1056,NA,NA
RADEON X850 PRO,72,1069,NA,NA
RADEON X850 XT,81,1052,NA,NA
RADEON X850 XT Platinum Edition,79,1057,NA,NA
Radeon Xpress 1100,32,1192,NA,NA
Radeon Xpress 1150,29,1202,NA,NA
Radeon Xpress 1200,33,1186,NA,NA
Radeon Xpress 1250,41,1160,NA,NA
Radeon Xpress 1270,26,1211,NA,NA
RADEON XPRESS 200,29,1200,NA,NA
RADEON XPRESS 200M,20,1233,NA,NA
Rage Fury Pro/Xpert 2000 Pro,3,1340,NA,NA
RIVA TNT2 Model 64/Model 64 Pro,3,1333,NA,NA
RIVA TNT2/TNT2 Pro,3,1343,NA,NA
RV530 PRO,113,967,NA,NA
S3 Chrome 430 ULP,39,1167,NA,NA
S3 ProSavageDDR,1,1375,NA,NA
SAPPHIRE RADEON 9600 ATLANTIS,47,1135,NA,NA
SAPPHIRE Radeon X1550,54,1117,NA,NA
Sapphire RADEON X800 GT,112,968,NA,NA
Sherry 1.3 for GMA 3150,1,1372,NA,NA
Sherry 1.3.2 beta for 945 chipsets,3,1344,NA,NA
SiS 630/730,1,1376,NA,NA
SiS 650_651_M650_M652_740,3,1347,NA,NA
SiS 651,2,1369,NA,NA
SiS 661FX,3,1350,NA,NA
SiS 661FX/GX Mirage,4,1311,NA,NA
SiS 661FX_760_741_M661FX_M760_M741,4,1305,NA,NA
SiS 741,4,1315,NA,NA
SiS 760,5,1283,NA,NA
SiS M661MX,4,1309,NA,NA
SiS M760GX,3,1349,NA,NA
SiS Mirage,4,1329,NA,NA
SiS Mirage 3,2,1361,NA,NA
SUMO 9640,650,528,NA,NA
SUMO 964A,497,660,NA,NA
Tesla C2050,3450,93,NA,NA
Tesla C2050 / C2070,3682,87,NA,NA
Tesla C2070,3178,101,NA,NA
Tesla C2075,3191,100,1.41,"$2,269.99*"
TITAN X,12976,1,NA,NA
Vanta/Vanta LT,3,1342,NA,NA
VIA Chrome9 HC IGP,4,1314,NA,NA
VIA Chrome9 HC IGP Family,4,1312,NA,NA
VIA Chrome9 HC IGP Family WDDM,3,1354,NA,NA
VIA Chrome9 HC IGP WDDM,3,1336,NA,NA
VIA Chrome9 HC IGP WDDM 1.1,3,1337,NA,NA
VIA Chrome9 HD IGP,12,1257,NA,NA
VIA/S3G Chrome 645/640 GPU,106,981,NA,NA
VIA/S3G DeltaChrome IGP,3,1357,NA,NA
VIA/S3G KM400/KN400,4,1304,NA,NA
VIA/S3G UniChrome IGP,4,1307,NA,NA
VIA/S3G UniChrome Pro IGP,4,1322,NA,NA
VIA/S3G UniChromeII,5,1300,NA,NA
VirtualBox Adapter for Windows 8+,858,380,NA,NA
Wine Display Adapter,304,778,NA,NA
